8.65459847,4.562082702,1.386923832,6.920398738,8.201698779,5.734750504,-0.633518496,4.970599938,-5.21064875,4.003636128
8.739134327,7.141200609,7.804653199,9.077849061,12.49792078,2.804398527,2.724656393,10.05300533,-4.236755139,0.657697035
11.83876324,8.932934606,8.751953213,14.16371723,5.589046778,4.007548298,-2.126396442,7.62535922,-10.91127599,-0.411102907
13.09573069,8.412186998,9.035884709,13.24253019,1.491652684,4.085228624,0.126245394,-0.387130532,0.577816586,6.565392173
6.137031846,11.27648022,7.477866456,8.868261118,8.67741835,7.461240815,0.28118322,2.52175293,4.966740068,2.928530054
3.416810936,2.448679585,2.774351303,10.65795023,11.2476392,-0.577422921,-1.564935922,0.21581048,0.350999103,2.36343704
4.500307511,5.127638161,6.059860513,7.439415003,0.733070023,-3.028399268,-2.032912913,0.741343328,-0.289779845,5.869444373
5.709375817,-0.654220895,4.326209331,6.831591853,10.44754819,-2.022367863,-2.250304133,5.835605011,2.067838372,2.966394224
5.413662187,7.03881332,10.08679829,9.083983238,12.84425726,4.030848842,2.23965075,3.282225174,-0.840632787,7.219982145
9.314666887,8.269703712,6.936889384,5.711845808,9.336514211,2.633596083,4.882016417,9.901466539,-1.754196082,5.842275028
8.259526542,6.150623273,9.526039492,16.00166631,2.858875368,2.914466271,3.99099177,6.72083867,1.263318998,4.089474239
14.80842881,0.89090554,7.922684257,11.47316203,8.880808747,2.917198225,-3.676354108,5.220162038,2.388125598,4.27604874
11.9944743,-0.441600427,6.14730348,7.151072113,10.18399334,0.96949967,0.453770802,10.79854955,3.200951225,1.57128822
9.514180263,11.71909636,6.028378859,10.07323074,11.68592775,-3.163848797,1.501310471,3.254405289,-3.199816737,6.649061083
5.578018207,1.799519544,3.301026701,12.66194364,10.47510387,2.25030778,-2.617640143,5.167113057,-0.959792072,7.526636153
10.10833812,8.949905355,5.728819609,9.426089027,11.20359984,7.289502641,0.297994919,6.767108354,-5.622542082,7.216605501
10.72286078,5.475168853,6.192220312,9.111966417,12.30373304,-1.590419688,2.34405176,2.326170743,-0.523094385,5.764293257
11.04178564,5.786548793,7.805531891,12.44555887,5.151267308,5.271481295,-2.520656839,5.135964612,-2.252635173,2.399959449
8.405543525,3.966913666,9.237759317,14.55902631,12.19917891,6.68610847,0.827392122,0.349804604,1.782095068,-0.2902594
6.347611746,7.593146356,8.717402583,12.64589647,3.358832352,-0.763574575,2.944035075,7.970721509,1.615194479,3.195297027
14.68804004,5.724974878,11.04889376,10.47379089,9.436135619,2.493939316,0.383293639,10.83342842,3.640857499,9.439006741
7.81494045,2.486480855,7.98159565,11.3659025,9.670114101,2.831937415,3.701759783,5.657429194,4.395233427,6.982960759
9.739736277,4.97835478,11.27858339,9.883663529,12.51137657,5.974387153,2.293036582,-2.066039543,5.070526172,3.705457522
11.84977522,6.022033265,7.632468073,8.461866729,5.772620387,5.538374898,-1.693508607,10.52674158,-6.281142856,1.615603752
9.684311585,5.54579662,7.154719752,7.668781865,9.293523781,2.460629217,4.961303492,0.635003918,0.158117119,1.304614326
7.107472829,7.239247119,10.58842747,7.229909386,13.17332199,2.816840942,1.054536742,0.565158858,-3.956601399,1.748522674
14.90770156,7.505318538,9.45531437,7.33442078,10.42897046,0.808150676,-3.923858119,1.500542406,2.55326618,3.856925082
0.554222549,-2.463281238,7.652553441,9.166290105,10.38752449,2.108902035,-2.767615616,2.891574779,-2.627554833,2.592566522
11.12558501,3.543337208,6.628985327,4.582419172,8.438087492,-3.688561177,-3.610504324,-0.830973048,-2.590840207,1.044679373
14.48640933,5.851249336,7.854747229,9.605575917,7.131228504,3.922841185,-6.836954409,13.90805036,-1.608972327,1.358793813
9.164128185,7.438453974,5.356366719,4.926670546,11.80159112,9.35823621,0.298357905,1.677431132,-2.870015135,4.499548556
9.23161451,8.109044938,7.558337975,9.045200965,10.83070873,5.806680032,1.381116065,7.650405997,-0.801138184,5.855662642
7.594495222,7.56528928,8.670580876,6.819293432,12.28406329,-2.496133628,1.597140097,6.532263132,3.589313585,4.31761075
17.49223399,5.162905213,13.50013077,10.58835335,8.073972162,6.919118605,2.597019882,2.531881316,3.049095897,-0.489271163
14.86429716,10.79883755,7.193706454,13.45296854,9.549348359,-2.749607859,2.003271994,1.815770765,0.974775156,-0.348578123
9.490393706,3.393214047,6.627561816,4.213251692,11.77962671,6.022007367,-2.132975349,9.578816842,-0.974376608,6.080042582
8.77375945,1.261275748,8.535602356,7.149189414,5.136550164,1.963329691,-3.645303212,6.237565374,-10.44895432,2.640752676
6.941673768,7.169734214,8.464628844,7.339260561,10.57674088,-2.615591561,0.975465993,0.72895408,-2.098060797,0.695154092
14.58902975,9.269054085,8.533782593,8.668297352,10.74289808,-0.943705189,-1.614179243,3.522890597,1.496417701,12.5351017
4.384445251,8.762842322,8.281910207,9.135015759,13.73739837,2.850731318,0.838061235,4.25431882,1.589064368,8.527746388
6.787197388,7.468433109,1.536502434,6.755406191,14.5545659,4.87408734,-1.491582828,6.24549021,0.99080372,6.756822763
8.175912673,8.655550404,12.286013,9.069173465,13.37870239,0.169107127,-0.254300253,7.744401509,-3.003737781,5.013345474
6.062189988,6.278231975,9.86588484,12.98578172,5.369682352,-1.56036124,3.438389393,7.875987741,-0.129839138,4.367253413
5.636380516,10.71138984,6.775293489,10.37750343,3.691608753,-0.288222261,-1.988243709,7.413420947,-2.281880707,11.20254783
11.89492845,10.36001156,6.345275068,8.48828738,4.773331714,4.419542171,-7.655508088,5.083668741,3.971829335,1.663775715
9.371987314,6.241380347,5.907682772,10.85166718,11.04863423,4.939778522,-0.633345394,9.945056337,4.80078018,7.944663882
8.020286982,8.355542191,2.812062712,11.67641317,6.938051167,1.990171124,0.787804419,1.759368461,2.936059175,6.244380043
8.765809418,9.430499877,7.420460723,4.134874985,5.407859162,6.556657091,3.84717549,11.55054582,-0.293998106,7.167026303
9.251504887,10.68962858,12.05670233,9.467023821,8.77065315,2.155930154,-0.465010745,6.956408322,2.540873906,4.982279212
6.518926101,5.382509571,2.959332414,16.22446634,8.202520307,3.699340615,0.405316716,9.212576169,-2.564659044,10.5732869
8.912973695,9.905790777,2.723394843,10.18154338,4.367457486,-1.31277739,1.577130185,3.649449306,4.524960477,8.04983766
6.806364884,9.276561359,8.017624552,10.45952026,9.025265623,3.033626009,2.403510971,2.331297796,2.778881557,0.071931719
12.22371869,9.182059072,4.117478627,15.26126618,5.558323981,2.774020389,4.109042554,6.735298759,-0.66212491,6.105211114
11.18673643,9.840942339,7.443870209,6.121476957,6.334602968,0.677777547,-2.69061385,5.765585192,2.075038989,6.513752479
8.471850104,5.562589852,5.6355587,12.58522166,11.57159026,0.922345457,2.136260545,6.129477259,0.04381143,4.312144103
10.67363214,7.976318077,9.599793739,8.966295934,7.391344708,4.379840662,-1.314568008,5.284126474,2.198616382,5.579942588
6.834253653,9.270642405,6.733205489,10.70065917,6.645771571,4.837471066,0.767910397,6.911973943,-1.975553027,9.070284581
7.616717177,4.459035785,8.295924803,11.6822123,13.53046337,-1.479935729,4.430549513,6.22900125,1.056679116,5.710435111
7.582544858,1.802617465,9.113155839,8.903580529,11.85867379,0.383647293,-1.490252381,1.64103555,-2.381152135,9.6978492
10.27078341,8.079890667,9.498561967,7.87663297,10.42701383,6.742770696,5.647877493,0.83768016,-3.904619942,2.123745943
9.772185905,6.605410018,9.65244414,11.98791094,10.05970359,4.278819244,0.575547802,6.274304397,-1.773484706,3.583194994
3.016372067,7.045288222,6.863598217,9.239580113,5.67547006,8.119603173,-1.522297595,5.076397132,-1.640660888,3.745506891
6.416953337,5.754874959,0.110859244,10.07214863,6.019489028,0.225862982,1.95350044,5.745066663,2.200118961,5.860294037
8.014833207,3.199484124,8.669613712,11.62139061,11.22854021,1.583694017,-2.84521773,-0.550021861,-3.473072724,5.531897615
8.900073284,7.452005498,5.18467552,12.84317469,8.991793462,1.36218884,-1.06820096,2.336929404,2.219836128,7.653607682
7.932216332,8.827642327,9.811376869,9.093882303,7.32985645,1.697770798,-0.814111656,5.166656985,-2.77788006,6.611220072
11.72277165,6.9929096,4.057834444,6.776502609,15.22113132,5.873487694,-2.086376586,8.685475263,3.675417829,6.232702578
13.80485811,5.501597704,11.51924761,11.38352552,7.40273583,5.787305904,2.865701084,1.267126136,0.721589255,7.338451903
12.86771326,5.99985603,5.41384117,14.27308253,6.808054853,15.07924674,4.502263285,5.979043054,0.228200572,9.895582652
10.8546948,5.303237844,6.050304057,7.828715044,7.105044325,6.208336636,-1.685092148,5.109966354,-3.88919733,7.108468027
13.11241733,1.770123855,9.332118301,11.43316999,1.310942735,-4.790269625,2.210924565,5.167211007,-3.860930753,-1.136067158
13.43727331,6.99696532,15.74193636,14.67948639,11.38793313,0.914536225,-2.281969863,2.239969457,0.012408194,2.335085917
11.39960149,9.414471861,5.357139684,9.826929084,12.29585389,3.145413377,2.428631246,2.178083383,4.529587675,-1.047169592
16.07596786,6.479334881,14.10164918,11.19917087,11.29795496,0.704962681,-1.884843112,2.940210147,0.756709001,11.1310975
8.77800605,4.130966252,9.505583018,9.37150908,4.989726702,0.931636537,-2.716001271,4.378507364,-3.431275701,3.130094362
10.72834983,8.115712174,5.426400853,6.947603745,4.807139936,1.579343616,3.375127068,6.148322388,2.888546032,4.531188943
8.121551308,9.710786942,10.59634411,7.325914155,11.88169507,1.040225992,-0.901721939,11.14983868,0.030217062,-0.482478512
7.535382441,7.293380664,8.73979507,5.785889772,6.753980542,-3.766398095,-4.08920629,-1.337802648,2.404848956,1.446537545
6.41834897,7.358455193,6.499708289,9.234501488,12.3546707,2.154841718,0.483631271,7.638747846,-1.592934081,7.901963347
7.127112868,6.534262687,6.602172336,15.69498971,5.251178358,-1.237903369,-3.043686607,7.546365487,0.758550014,1.0926864
5.432636281,3.926769415,1.293703053,10.36456809,9.838988403,2.442752332,-5.877724424,3.359682181,-4.877685505,9.433679207
8.620957674,6.328457786,7.543709526,15.16878056,5.890599227,-5.951899447,-1.12226405,1.104062017,-2.606338423,-0.69693983
7.303229924,9.414040894,9.802211169,6.96291831,7.298779973,2.619763249,-5.320545714,3.073411315,2.223754188,0.567860728
14.65251988,6.0434132,9.190992952,8.401081008,6.944818769,1.774934219,-0.098460092,3.45542717,1.881037552,6.149255616
11.31230773,8.283848324,7.236443422,15.70585446,13.14161416,3.649784729,-6.637726313,6.247644576,4.489377422,0.29879863
3.320555471,5.445016969,11.09412595,5.123667196,11.20140737,0.393208324,-2.538878226,4.834546298,1.368986804,-3.441446361
13.39206908,8.023839085,7.130247013,5.800444626,9.562130241,-1.200654488,-0.979189956,6.521194559,0.670138683,6.295139893
7.864912444,3.909813121,9.843160721,16.24325383,13.06740808,1.865063749,-0.361662604,4.384558603,2.798474067,1.222092491
4.47714292,1.929048136,3.97174507,12.70500832,5.188087809,2.12466697,0.155953058,6.044390734,2.279366153,2.73419288
11.32281864,-1.658795213,7.210749058,10.34655944,3.006266054,-1.171569199,-4.12837153,3.380050485,3.076550763,2.342862241
13.57520897,8.481936391,9.317016945,10.31640873,10.63928105,-0.928029536,0.958898325,10.39201604,5.629672835,9.416815615
10.54549952,7.106664903,10.46650337,13.5938816,9.420021497,1.050082423,1.171780937,2.541952171,2.89863352,5.530651832
10.90980545,8.332168342,8.387808999,12.13364321,9.343572745,-3.069315753,-1.997793006,6.640877904,-0.173862378,4.908748011
7.00760107,7.634389162,9.111053757,12.28970081,6.046524863,-3.742995816,11.38499271,12.38131827,-3.85112999,5.795062436
9.113532758,0.309214961,11.76225516,14.29209869,11.15086221,-3.653567165,3.968273355,2.686163084,-1.99103628,-2.012928608
9.279654937,6.27096386,12.01211091,14.06799443,10.83475605,3.561742066,3.784482545,5.371249268,-2.014415824,3.315452886
8.848844406,12.04533242,6.552572592,10.87189111,4.889369885,2.601544863,0.429936717,7.197709196,-1.432974513,5.117467068
11.97852899,9.028428237,9.095303548,5.641643464,8.934750853,2.536898211,-5.564011384,4.452805585,4.797252161,3.562798801
7.089819528,5.353525523,12.81115564,14.2217651,13.01288819,12.83062006,-1.304793233,8.272000759,-2.226164009,3.371289999
8.55261784,4.424459725,8.486085135,6.450267775,8.371142977,3.433580847,-1.750406353,5.189874311,1.993275731,4.97244938
8.146201278,4.729230471,8.051133524,1.551565353,14.9379552,4.187013699,1.034512341,8.718242708,-4.87491903,-3.347167886
10.945771,6.846629362,12.67825382,11.18376855,9.54066296,1.976340415,-1.945586661,3.928018658,-0.593181856,-1.830244898
13.68547445,6.757493835,11.15490486,10.5246481,8.509559379,-2.619301356,1.028699305,-0.977796759,-0.015301048,3.811903374
15.36458634,3.426083824,6.196088239,8.020455751,4.692513337,6.134398698,3.02858352,7.276287624,-1.727050403,-0.876444733
16.38765537,4.871846715,8.404314909,10.54444673,9.173546667,6.137715105,-0.128215552,3.632145006,3.662142787,3.160025623
6.338145862,4.896434551,4.3148667,14.22184568,10.43510462,3.277832626,-3.638627457,4.344416707,-0.978102205,2.865284263
7.225674518,9.308327291,7.331982588,11.03514564,14.93020047,-4.109644682,0.707026134,6.385944573,4.362730638,3.938665568
15.90238871,9.506396409,11.42110891,9.297178128,6.941477276,4.840655526,2.072246737,-1.095215364,-1.611701861,5.867576723
10.81708787,6.980587356,4.130242283,10.28010841,8.038217897,2.998659774,-4.177363094,2.995335529,-3.790721505,4.483966221
7.804521019,1.87693163,11.02620207,4.151388759,8.849601461,8.823831185,4.235006946,6.733947682,1.846955855,7.671933678
14.14666238,6.954675245,7.158370656,5.174075903,9.966101195,2.480024625,0.242073686,-2.862923845,6.105181345,4.120523873
4.555710413,8.179884276,5.7217037,6.242275132,9.889039275,-0.369984141,-2.373101376,0.402508101,4.036538669,7.759179263
8.092782005,5.271698589,5.655191435,6.001503026,13.19215631,-0.97013209,-1.485881047,1.347973422,3.247780587,6.987775062
6.555105112,1.666690888,0.999773828,16.78650165,10.47044638,0.594476765,3.131818914,2.826883396,2.12055216,5.185980625
13.23057822,3.724277672,7.874810352,11.7585325,7.137846785,0.769383907,0.34903944,6.594348518,5.591132397,11.15854329
15.95012091,8.764314662,4.913527178,13.45376612,16.78747783,6.092302967,0.940151083,0.75915968,5.282591197,5.183459841
12.00674742,5.867000818,2.905958449,8.982712168,6.821436425,8.983788636,-1.509175581,4.114388162,-0.95240954,6.225078737
14.45800715,7.423520626,8.394248595,7.691837402,10.44262957,-1.451324833,1.28429159,6.517133364,0.749030153,5.292407247
14.67353369,7.207421553,6.556151206,12.70922196,13.84683165,1.935307289,-2.435100139,6.008280971,-2.264367879,9.201853926
11.85977791,8.456992496,7.060755672,11.38525703,14.01809267,1.806397094,1.394832284,4.954446507,0.075848964,0.982836856
7.948255123,8.904652968,8.528657281,8.520287849,5.74468372,-3.634398807,10.71040391,6.804572796,2.766444669,2.210199868
12.54560972,7.509440953,8.832360627,4.14064692,8.407265157,2.819445346,0.051792704,9.520213858,1.418365403,4.015229361
10.67005387,7.766125945,7.121108459,16.82110223,6.670770365,0.584842888,-1.424265299,4.989757646,-2.800093448,4.274838087
5.963552969,6.935015607,7.039025771,16.38258341,8.4381145,0.080939019,2.938329176,9.967048411,4.485613099,4.669623352
7.785928704,2.243841679,6.560310081,6.09896849,7.880100103,5.499128341,-2.205213729,9.891187439,2.950048881,3.123327129
14.45395073,9.145909831,7.680761895,14.26619916,5.278278692,4.432278035,-1.138900356,3.305257262,4.345652475,2.373293279
5.857905453,9.083490775,5.08085432,8.873709369,9.85785263,-0.404472849,-0.749382132,2.965312546,1.018162735,-0.428009036
10.64973107,7.055963475,4.06377469,7.900329517,9.96849324,4.723135951,0.01676655,6.411946841,3.257819083,-0.274369004
7.127571169,5.074295962,4.36091292,6.303965581,7.741304547,0.481291191,0.494752066,1.680989341,1.287168608,6.683897927
11.41638131,4.256697239,9.768574868,8.337687729,7.491844454,0.225954182,1.75199094,-0.822540855,1.718319533,-2.255913549
6.404115055,0.843609553,7.695455284,10.04429114,7.353041157,1.700530901,0.296152117,5.078028955,-0.482797146,5.329899841
5.519986674,5.844067939,10.70692889,4.97561408,1.690591064,-1.456839504,-3.397282154,5.277796661,-1.709981667,4.19435792
10.31845001,7.919016069,11.94114247,10.33580272,5.543363823,1.073990864,-0.704474535,5.25357739,-4.137486499,6.163206878
6.72264423,8.851295455,5.65792027,4.820480103,5.706247479,0.100819119,-1.15924929,1.002579349,-0.720974004,0.638560067
13.84824157,5.781899769,4.964559094,9.435211593,9.27420742,1.213924224,-0.603852211,3.071965403,-1.973616013,5.246109912
11.29025783,4.520084351,2.232246651,6.703793064,9.067997255,1.347379475,4.426718562,7.710303016,-2.433101094,4.605541542
8.491217887,11.34820946,7.612674568,14.16112507,7.86970793,8.53103658,8.65746522,6.337694641,-0.271520015,8.393069048
8.473889658,11.31950583,10.45989186,7.733055716,11.07189795,4.939245677,-1.235966235,4.146624922,1.762991501,3.228749313
3.112905727,13.19645119,12.81324936,9.179299788,10.11152178,0.900338813,0.617020804,2.977202457,-3.99983362,10.84306986
9.564630276,2.992101082,8.185356184,11.11637551,11.44834417,5.164081642,2.00100952,3.558046243,0.786717612,8.36102667
16.68696242,2.262180707,6.818439583,9.269155967,8.704738026,4.834853233,4.896016199,4.973602319,-0.789870929,5.567362971
10.59764226,6.5263114,8.860379079,8.013154922,9.231977408,5.271481976,1.15917834,5.711702631,-5.337517142,4.900553439
6.273902892,7.020140146,5.365272223,3.969198776,10.41113998,1.985521773,-0.529864743,1.877766996,-8.155850704,0.96846251
10.685194,8.184201235,8.532960642,8.691080604,9.121321315,-1.988142113,1.573923675,1.288582703,3.027298889,6.633961033
11.96412998,4.525519374,7.887902075,13.6171664,12.36477289,4.351321843,-3.401527945,4.612236105,-1.016070086,6.610232052
5.305086769,5.109732226,3.909244612,11.0196601,6.413862513,2.721994309,0.816023823,4.856789191,1.994805901,7.233403716
11.30858146,5.072555268,7.071932384,6.065165106,10.16237282,-1.057180319,-1.316768654,4.171059661,0.751709774,4.363463473
14.23425008,-0.039066794,9.509868333,12.89367379,8.413855206,8.211584502,-4.514593463,2.480647141,-1.639712548,7.516457149
10.33927865,3.396363755,12.50340939,9.306559509,10.41342313,1.338855563,-1.562755753,-0.922426989,2.670748533,2.629051847
8.623302775,6.12302273,9.779540119,12.24405762,6.355458449,4.800944057,-0.392685468,4.164943974,2.87514097,-0.072628637
6.306527693,4.475089484,13.9766625,10.15324893,11.59432892,-0.764431277,-0.055809883,7.24599045,0.694303126,1.676562624
9.826369847,8.636229282,6.032601517,2.356434668,1.017463133,6.135286193,-2.021688647,10.08320574,2.927109515,9.447342823
6.31755252,7.669555273,8.577276589,6.295899192,6.558787254,1.08378189,2.109692004,6.142117855,1.152356607,6.783662575
8.520957147,6.851029161,7.543682058,15.0856995,15.85385149,0.764808397,1.271550124,5.799220889,3.004583545,1.283538256
8.246879973,7.8538686,8.568850661,9.253547823,14.18889783,5.092549116,-3.307931709,5.957853663,-3.375074412,4.110991477
9.445208048,12.45555496,4.982714915,8.117835098,9.173486017,1.378258144,-3.998428304,4.589315327,3.681739278,5.853492049
11.1096985,5.241130228,7.805123548,10.7653055,5.678531756,7.45405463,3.311908195,2.389480615,-5.38335954,3.843599235
8.231325041,14.31995868,7.408744571,12.04769177,7.432044441,8.114366381,3.009716451,3.409516659,-0.823610372,10.42024139
9.824756248,11.8518498,7.194428246,7.727470515,6.902389862,2.553689024,-2.18858973,0.794878226,2.145839177,4.485150401
4.03617171,9.676332024,6.816347766,10.80275705,10.56932127,9.907503217,-2.357265698,4.287098526,-1.149596957,3.962542487
12.85211651,-0.103471742,7.158007863,5.540556309,13.69574521,0.253723418,-0.694609894,4.58155486,1.260800087,2.671139451
6.380931154,4.006431961,7.852834116,7.393890863,8.108909141,-0.805023783,-0.592538926,6.759045684,1.559507786,3.03627369
8.687607449,1.744297988,11.9325574,7.571289855,8.619721449,-1.878287802,0.106833256,2.863397462,-2.284436073,3.879932857
10.15010592,6.628310855,6.948999535,10.51470654,8.353842865,-1.848880383,4.903123037,1.581540298,2.667907658,-1.846703601
12.5033949,2.760089257,8.072204662,16.10568261,12.93967373,3.756821504,5.500569763,6.168454262,1.510332416,8.201409972
6.998806392,4.433725505,2.676998603,11.63718177,7.464442632,0.272083092,-2.375315456,-0.645349204,-0.138010571,3.393598806
9.685810281,10.64219232,8.896726985,7.063592861,10.10347915,4.77878478,3.070335984,1.6321323,3.36581393,10.44793777
7.69100622,1.974478493,8.053890525,4.087257208,5.211592408,2.661871608,2.644632831,-0.854183105,-1.13531739,7.66739353
6.070450347,-0.066346769,5.575158957,6.872866617,10.47050724,-0.363678316,2.494190035,4.235304456,-3.737089591,0.341528015
9.480815704,3.587983037,9.137535627,14.64024008,4.972512901,0.620497789,2.287248537,5.710498591,2.142307476,6.618541353
9.045158143,5.12047571,7.112102423,11.49927021,10.22309576,-0.61963314,1.676969144,1.218116609,2.475304118,1.174449111
9.466593486,8.118020336,7.322441594,6.366013367,5.846072857,2.643066034,-0.958905981,3.614720707,-2.61149961,1.076003666
6.25404471,6.161983233,4.353208902,14.10205436,18.52399011,1.456297452,-1.411388634,6.429821049,5.118908548,4.007630946
7.928885293,4.758988242,10.71179531,6.953023587,9.618542348,4.824433599,1.280138671,5.388179973,-3.551896175,0.05630193
10.6800695,6.75847133,5.267743363,9.801417703,6.172566915,-7.718238398,1.61054744,3.143894095,-2.909851339,0.361625033
11.85301025,2.473952085,8.381818487,7.473326139,8.071030685,7.88729067,2.67583264,4.994280506,1.778575408,5.460971637
8.720990706,6.867741195,8.457437132,9.80970284,12.95322609,-1.24768186,-4.476391265,3.500122788,-6.860420898,0.097157147
16.05822191,9.574248676,10.8633842,7.999499038,9.502482746,5.349285422,-0.494963865,0.802700803,-3.750667931,-0.164353001
6.299765189,5.72609586,10.23478161,7.273127573,3.826875599,-4.014118921,1.02597436,5.779575047,-1.534389796,8.777187661
5.247311635,9.488463205,3.742108998,7.398298126,11.07813364,3.932375604,0.237705501,6.911805359,3.880493805,8.284594376
14.90485372,5.180932408,12.40367846,16.69023017,8.87925986,-1.109183924,-0.391004313,5.564737985,5.120145592,8.903193312
6.588536575,9.033026328,9.881497475,3.282233649,5.858761835,9.452259932,-0.325582023,5.859382768,-2.692143626,6.52388084
8.985001241,1.668557041,4.854403089,12.99101999,12.92364912,2.084963047,-2.439613665,5.392600548,-2.12502275,4.244931498
6.380646337,5.937581781,4.790114155,8.201460438,9.086058381,2.082118132,3.47567422,5.59601849,1.17477308,8.945003391
5.789984322,7.56728881,6.667263802,11.58097168,5.36159403,-0.711872982,-0.834684236,2.812590884,3.05251365,9.792479131
7.088230564,2.513798012,6.100408763,12.99354134,13.77442945,0.821431345,-3.147681611,5.348717549,8.320020537,3.180714073
9.07006915,1.259709073,10.88680678,4.803009689,12.15714162,2.320305711,0.6515037,5.881886552,0.901509088,11.22769464
8.145483359,4.014256343,11.13470066,12.13543448,4.787680027,2.158706747,-2.84383917,8.765636963,2.657568852,-0.538045543
12.41351986,5.285521984,8.86958378,9.086158247,9.68990473,1.760367378,1.107652594,-0.844400596,-1.242670542,-0.588443417
8.240376597,10.18457831,11.45254103,6.597279504,11.66180219,-1.724258367,-0.421291939,-0.468793799,-3.013905918,2.61413849
13.71804982,2.98964423,8.510531626,9.765736157,6.46969814,-1.57623904,2.888007702,6.561891743,0.471156714,3.002205229
6.929470486,9.127599026,12.28217362,9.581816457,10.49975209,3.849170558,-3.764089463,8.174597879,1.224464363,6.789435143
4.536849352,4.878594525,11.61654453,10.6166928,8.477725465,3.482861324,-0.053874434,5.592956924,-2.513071957,7.018424678
10.55590669,4.049779972,4.040539445,11.12220776,7.872801083,-0.858797231,0.811552062,0.377098778,3.664562459,2.049910691
13.8841381,5.070116927,10.91045469,8.966084567,5.851098366,7.840743626,-1.726578899,2.911921369,4.781597803,8.086505599
8.843246074,12.68231604,9.522095394,12.56998986,13.65454181,2.738494578,0.910137703,8.266206061,2.164883663,7.885501917
13.60849225,4.217245671,7.521441499,10.93078861,10.44047664,6.946725812,2.612291984,8.889036738,4.896972507,0.845451651
8.808561842,10.7110787,10.92141922,14.20753749,9.278506761,0.316445166,-3.022967429,6.884395393,-1.10793247,6.913194806
7.545162831,6.12515943,6.564071391,14.44856533,9.448838291,7.139341745,2.439568383,0.268722088,-3.945624446,8.219098616
5.579136628,4.162339261,6.003250878,8.003156547,12.92186881,2.730314381,4.527732309,6.031634077,-4.140528,1.427824476
13.07408448,8.373249738,10.17021847,9.175706095,8.524300127,4.560245089,0.845060455,-1.348009499,1.670565897,3.119551187
5.392843934,6.122287039,7.537272117,13.20575681,6.564915856,-2.172507597,-5.810152688,4.589984473,-1.216206282,7.334632082
8.539869578,5.634422979,8.316540318,16.44546223,10.27853682,2.522358423,-0.496182413,4.294446702,1.894015207,12.03802986
7.069316273,7.355544145,11.64039236,14.07000157,12.07581123,8.488738357,6.485318222,8.01906675,4.311949166,4.889739014
7.089065332,4.324435416,6.312320028,9.674875092,7.322914499,1.869401902,-2.326230996,3.702464178,1.545201638,3.311668186
8.677968526,12.61316387,9.111483431,10.79880945,5.209911963,2.508048899,3.754438559,1.764817675,2.413549535,6.774672329
10.06396167,6.297610467,10.5500327,15.16113635,3.765629677,5.192886455,-0.440500316,3.915338174,-5.075882281,3.892472661
10.36486991,8.552801464,4.567774522,6.303722521,5.096568459,4.05083803,-2.401451078,3.857732494,-1.799432914,1.584551751
6.857847069,9.037493083,8.410131347,9.069856874,13.80159665,2.060860852,0.673783378,-0.178168778,-0.444014174,0.749856031
10.70488686,3.063032263,7.472882731,7.16007007,11.7707311,3.082430323,-0.726205204,5.268405867,4.935090223,-0.486330502
11.27030521,10.70681941,9.839542313,14.70425098,5.724163406,4.773937623,3.429683887,2.478523404,1.332939322,11.31348964
9.143565145,9.054140839,9.033864642,5.859963211,8.367920961,2.22504548,-0.797377791,8.02197729,-4.939765783,6.025337091
8.861159637,3.558956039,8.026574695,8.000481013,9.628523436,-1.214011113,-4.589694902,5.371875754,5.054050814,5.444978939
5.673898174,6.756208232,5.322604436,9.929972419,6.460511118,5.335439484,-1.079340303,2.816698255,1.526345914,5.615078094
10.60604375,3.118286357,10.92155852,10.84207349,10.01227404,3.065181368,-3.279816826,0.770459917,0.12206212,1.974448814
14.94181562,10.12967727,13.27596287,8.928973152,7.351325629,2.993975194,5.773025992,-0.023747191,-0.925672123,6.926469144
12.03030669,6.001382629,9.770306512,6.603361476,5.447126422,5.781769694,2.618399202,7.70608068,4.050653917,9.021512711
9.22549259,8.820220512,10.86880436,8.870259656,6.115004333,-3.40166134,1.756606827,8.726984495,-2.523011876,-0.469039612
11.46989782,6.244195747,8.349825257,8.859445939,10.88461354,6.158252585,4.115838305,5.872402886,7.456615281,6.690179792
10.19953075,6.839485577,6.912995803,6.016504533,7.372277306,2.538697135,0.31317124,2.5000342,-0.671192372,4.997083821
11.45819339,4.491862821,8.685285676,5.458214128,7.549455537,3.696930994,-0.965596459,5.859473835,-3.232217258,5.47727691
9.998847719,4.527674406,3.136927151,10.46647385,8.357048351,4.797860896,-6.354637466,4.10801378,-4.478385135,4.07896963
9.629782951,5.366763743,13.29891795,12.10049449,6.144958487,-2.674434738,4.505801905,5.687660467,-0.730697596,6.156526332
14.75899568,13.90330075,11.66702827,12.14369353,8.099621743,8.984696942,0.114336245,10.99531797,1.284577229,2.503173655
9.998537942,8.736082008,2.449295258,9.982355293,10.73304251,1.518244265,1.736869787,3.847565772,-1.005719724,6.277560573
11.67091282,7.844981801,4.137617917,7.95053412,11.88127946,-5.102204398,-0.22026772,4.39385914,-2.253324925,4.947513624
12.12405129,7.830186334,10.1229481,4.578469513,8.958455494,-2.847095047,1.434184221,0.591934606,1.800092604,3.37005778
13.90576714,13.77290039,8.169426356,7.040525409,10.12091388,6.63809082,0.265440044,2.721366992,-1.838369344,6.770935442
9.093565436,7.3815944,8.029429761,7.849572137,6.397085861,2.600755554,-1.965544481,7.627833694,0.917351029,3.025295353
11.6386448,8.138644841,3.236019796,9.041983125,7.178347038,1.716184749,2.414246849,2.779811328,-0.746315477,3.035502941
9.81165555,4.029537535,8.402932571,10.56625259,7.510324738,3.049756431,4.9077497,-1.072731535,2.119083692,6.14661755
8.031180657,5.820274244,8.566711652,10.50429566,10.50535362,-0.924530206,-3.831854963,5.875115306,-4.96460189,2.956421076
9.266878288,2.657714583,9.919273392,12.37379399,8.071005785,3.304455418,5.86760512,6.83139377,3.357172608,0.245290869
11.56027917,7.788952802,3.624265344,11.11784423,12.41038282,0.524981597,6.486727057,6.535811475,-2.848038781,-0.112027326
7.173685793,3.716600619,11.07478565,5.055324022,5.462376678,2.784440896,2.321136265,7.140064734,-2.975710625,2.031661261
14.73771383,10.5446196,5.218489935,12.79237926,10.16386022,7.496686814,4.28110445,3.194272505,4.080741573,11.57410698
15.71318306,9.373381719,8.758426165,6.669649401,7.193932081,4.445257046,-2.221368923,5.740044095,5.880347326,12.5365932
7.232455625,5.628526947,12.72410885,8.156369358,9.100745004,6.788479602,2.960928205,4.192440322,-1.125927879,4.863960021
8.472784975,4.769508647,12.16884423,7.290535331,9.340326668,6.054873451,1.789836338,6.220505793,0.842340909,0.119173031
11.09706938,1.6873732,9.190666375,11.74254053,1.989251387,2.197836371,4.304892767,1.918339408,-3.938581399,4.347972245
10.90640765,8.719950534,11.63674894,4.177349972,8.487267399,1.882276558,3.817047399,5.681231173,-4.984569212,7.080769833
14.09411594,8.907939341,4.820907071,12.03385653,6.836009716,4.412369659,0.636268661,4.118324582,4.224434531,13.33595247
9.367003205,5.633190197,10.66031364,7.311868312,15.19095207,-1.195074092,2.183493639,10.73128905,2.709763098,10.83686618
14.77327775,12.88612676,11.56692871,7.427628749,12.94352422,2.539152531,3.252939186,4.806680739,0.716607566,4.292222052
6.888513148,7.701128152,4.774663687,5.330294492,7.971945833,3.476580142,-2.730150059,5.444125099,-1.880632631,0.498092199
9.859541154,7.878933022,8.628086231,7.085294173,7.093358183,3.904718175,2.868650309,6.257313108,-3.819858753,3.249423129
10.64872749,6.087506388,17.17258092,5.714749948,8.721923824,0.798819491,-0.117310707,3.031430378,-1.649672398,1.165725153
6.460419301,8.231217131,11.06358817,6.71219374,9.740515818,2.995544614,0.535177246,8.414990332,4.994305554,9.50108086
9.790863942,3.619111862,11.91726003,13.46430437,12.34458148,2.549689497,3.706677511,6.280004491,-0.266723263,3.905181809
8.738052311,5.611054259,9.940902994,9.024210017,8.62271465,-1.48276583,1.647740275,7.732660043,1.923372509,4.282513393
12.3826349,2.953798786,4.435753702,6.182822178,11.11815509,-0.961965272,4.055897677,2.124130976,0.133720634,1.594956136
11.3699297,2.154570801,2.005008106,13.4713762,7.458998732,0.295623493,-1.854855404,1.424314513,-4.449227001,6.036713366
15.6156268,0.454158371,7.891920362,11.67154355,12.49898988,5.773438983,-0.814725135,6.301059239,-5.207722996,1.846517192
12.83186436,11.15838235,5.291550888,11.29801925,7.710396028,4.534523161,-0.37857942,6.978089112,3.931337241,7.594553732
9.932713894,-0.453341232,3.242140011,7.631876761,4.598192818,5.617270827,-0.634935581,6.052858473,0.22738682,1.013110636
3.372099447,13.09357828,7.653573492,11.98036429,12.66580382,5.066921394,1.28222271,8.131886585,9.830380075,6.692012553
9.173333067,8.356480839,9.539495383,7.660329548,11.97926124,3.462612507,-1.707789305,4.749603869,-0.218665412,3.360466739
7.103939166,-0.861200526,14.74953997,6.719153772,7.094423849,2.24099504,7.342673477,4.496389148,1.893707093,7.231425089
17.3560159,6.074032736,7.048334053,8.003976901,7.175001968,2.957719263,1.891420496,1.328303106,0.68781991,2.397087401
9.849473503,8.773576573,8.516163848,8.337372128,13.40298466,6.591316332,6.00780796,5.549302278,-1.502957188,3.128005494
10.81789107,3.844350128,16.28651105,11.3824269,8.424657637,3.531286039,-1.376810002,6.566324347,-2.266305215,1.812777675
10.88266626,8.544825613,4.999154966,12.83187345,9.547369501,5.39640944,-2.268830309,8.619840415,-2.761091101,4.573511388
9.233603153,2.65694434,8.711254683,2.983778049,12.19548873,1.988431274,-3.279724928,1.572980497,2.864010957,2.716692559
3.662094497,5.965060588,6.9314935,7.968209823,8.599257395,-4.87420813,1.287396167,5.562138001,-2.080760168,2.400935268
16.38715083,11.13263941,12.84512416,5.453303417,6.580635192,1.751398342,2.135230434,7.352385168,-2.597106165,8.203348618
10.76428915,7.204725512,8.557978169,13.76510918,8.247910759,2.714379422,-2.004971193,8.106079801,-0.115820313,9.166792465
7.020480087,9.748780014,12.14178559,15.05760897,13.06976048,0.563125604,-5.475076583,4.050788922,-1.574557626,3.792283084
8.860946521,6.129594828,9.355020102,7.562433961,6.625725208,1.92355144,-4.206939519,0.658093981,-0.538046704,10.35355198
14.77194909,4.073662558,10.66314379,12.68730422,12.84015186,-2.105613442,0.643542042,3.205772955,-5.581830271,7.386162868
10.1025146,7.611577706,2.908823233,11.63494671,8.165171457,-0.278072432,2.535528895,1.948232064,-3.712946239,9.918449138
10.17843345,6.160020683,5.809498133,11.04076064,5.693359882,-0.642140945,5.620828271,4.653442204,0.318841952,1.473956282
8.502549738,12.64551001,4.162308515,13.01705753,6.171296008,1.255219998,2.592595471,-0.432613654,-2.090331339,2.978352138
4.648957989,3.111096839,2.918892441,11.8959986,11.10106867,3.073778975,2.557193446,2.286703527,-2.17286833,7.377196526
7.296170731,6.154846034,10.8515418,10.44292974,10.04083367,4.09191537,-0.041492095,2.78696863,6.172485171,7.220985704
6.785901223,1.188893912,11.0106923,7.033009317,9.464783367,5.371816095,-2.003729111,6.744613679,3.924433139,9.122585728
9.830762956,11.12159774,7.906509256,14.9679073,4.574785295,5.407100409,-5.430409846,7.755926589,-0.177141703,6.091914717
10.10386161,8.07652359,5.083944896,6.59258165,12.4972889,0.745593229,1.452992271,6.089057069,-3.725940066,5.844364902
9.007397056,10.41485447,11.56066685,9.67108724,8.898756283,7.370270238,-3.326891163,2.698685022,-2.585621605,3.930292211
11.9714696,5.281027312,13.94049714,8.71296393,10.6049937,2.96350814,-7.76977785,2.303661206,7.274720437,3.11068386
8.470620257,7.327659505,10.31134695,13.11314353,13.40029183,-0.620194759,4.408364764,-0.568428738,0.070245483,7.017276522
10.35964025,10.11823251,5.724116711,13.92501095,5.374098534,-0.935582715,0.040377128,8.7911891,1.278085786,5.530777546
6.782289542,4.88672098,6.468442421,13.91796624,10.05392287,-1.054497371,1.478282206,-1.488416288,0.163744853,4.233671257
6.409643721,7.59742128,10.21478927,14.4009096,4.872035373,-1.987983554,-3.552798881,6.909127238,3.804731182,6.311888061
8.645878396,1.46213265,8.021729687,4.940295705,2.319220377,5.723055073,-0.78128554,0.539616478,-3.061979212,1.512691218
12.27480034,5.170361331,11.43080563,11.09553186,13.2837106,1.817619203,1.14364828,4.930284636,-1.904576159,1.836246359
10.22886493,5.614329489,5.002194444,9.88271469,8.898946042,5.16663468,7.63040155,4.329593654,-5.492794363,6.976676782
10.56499319,3.7944446,12.88597885,7.71424709,10.41510041,0.833145418,2.440156651,7.170462341,-4.748897439,5.74783935
7.293838846,0.850197558,6.816410501,10.12960437,5.211246131,6.182514708,-2.082477062,8.715650242,0.62327207,-1.086826238
7.366709858,6.75538306,5.759323199,8.75949133,9.751578472,3.038264196,-0.686731315,3.535550444,-0.274974406,2.166692208
11.45805905,6.816275316,4.513564003,5.883677205,6.119980025,-1.169408688,-3.748922161,8.091471661,2.244484879,-2.054538561
11.04383053,8.004720046,10.95960093,7.343010164,10.69365325,5.03556314,4.16389922,0.488774255,-1.278719462,7.232524362
5.294974724,8.803762622,6.930493723,6.634632569,5.93432801,3.722581355,-1.19355959,0.0332683,1.285756252,5.846881057
4.730480635,2.941448593,6.822429971,6.571144335,9.513655085,-3.228465018,3.808462496,6.2151018,2.044743031,4.91190317
12.89636322,6.960293652,7.114753416,9.573697073,17.62304292,-1.831437069,-0.37877486,6.100499533,6.648571186,6.794460594
9.509440508,6.4145886,4.81915659,10.50812221,11.32143395,2.482199991,0.074800978,4.923042221,-0.088207986,2.604117036
9.077979247,9.723605588,5.997369543,6.760918084,7.328679279,-0.241834914,-3.458352849,-1.206913751,-0.727161282,2.564022127
10.82836757,8.95037273,7.913898889,4.92286095,8.177759068,0.521860118,-2.475742815,6.667640233,0.287312693,4.790462058
9.250930332,3.461428743,14.80080628,6.252869078,4.242563203,4.679107167,3.787149703,8.806453241,0.263281507,8.521304263
10.28956732,0.251155567,6.665916532,11.60655474,8.869037099,2.860640809,3.559165783,5.055568064,-0.558071221,6.423242213
11.1179847,3.469025808,10.57119665,12.62112504,12.38930296,5.82198905,0.674067407,4.305397243,6.475411736,5.200508921
4.353324115,8.819833706,4.968603551,5.093047742,12.14286725,2.807259615,3.826389381,1.220217053,3.930720444,8.363635618
9.646587157,5.939316187,10.8442168,10.9883131,7.060108611,6.904146312,1.563790128,4.29321611,-1.340773231,4.872434711
9.476175908,5.309132596,10.87804382,8.314641373,10.13421295,1.211145021,-4.043462398,7.5020051,2.732839543,2.920520385
10.90942719,3.822583466,10.3141407,6.728516101,9.83089849,2.718034867,-2.644343744,4.522144523,3.950378254,7.651604559
10.58954032,4.033086684,9.22116725,10.7156218,9.071170557,2.012552018,-2.086841695,4.307539182,-2.91220422,5.531700252
5.56388508,7.218306624,2.168742957,5.171521015,5.994124407,1.845322749,-1.460038108,5.754633261,-3.871979697,0.498968819
10.0267371,8.381743015,7.774345635,5.432374799,6.565147845,-1.415065804,0.539892697,1.819686441,-1.235904039,0.794154818
6.354671521,7.39577554,9.880958295,8.515676589,8.910337152,4.362293823,0.982622546,3.448421814,0.878363748,2.519463294
8.449050755,6.470717933,2.335964732,2.19226332,6.905890124,-0.503926961,-2.546709831,-0.316457255,-0.256839294,6.61094999
9.941468847,9.677810169,6.954786873,7.340683086,7.57275594,-1.107509353,1.061086251,-0.677378358,-0.303650122,6.307021015
12.69985715,5.549081632,12.01119766,5.523336795,10.79661233,10.68462318,-2.302965041,3.656191826,0.891479558,5.327277236
11.10738742,5.986423769,8.272987854,4.028166512,11.04117255,-1.073268658,1.014399487,7.050410946,-3.123073637,4.00046101
10.46442186,2.904661877,12.2711639,6.811626344,8.747777533,-4.990460664,-6.206083578,2.29142964,-3.17902503,4.484352135
4.979276614,6.35706816,6.792686795,9.798515322,9.59682004,0.971771327,-0.409074233,7.140936339,1.117847699,9.026386256
9.959218716,5.512034602,11.99501106,8.780130974,13.05235297,-0.231365896,3.32464678,2.035846676,-0.3622081,7.319250648
13.40558491,2.928514492,8.649028797,17.04648714,7.223312014,8.024146423,1.547450844,4.748659058,-0.771130178,3.437813376
2.732026353,7.363681088,9.931409793,9.056810866,9.948371922,3.66728402,4.723983344,2.51637929,-5.382047941,4.109033911
11.09882557,6.892058271,3.655805703,6.99851836,10.18033865,2.824388957,-0.54849633,5.732997197,0.703487496,6.381753007
1.614438848,12.07328615,3.279250617,12.11134176,7.84272169,0.380871,0.660784968,6.267951664,1.397900819,3.508249599
8.60925051,7.544655867,9.649707918,11.88286164,8.324090333,2.075690454,-0.963283992,2.850572551,-4.213101372,8.207046522
10.89132952,7.665725609,7.100836855,6.843882644,8.791794517,-3.615395628,-0.964346854,1.329902715,-0.741983907,5.346288225
4.062137748,5.116558846,1.991465506,9.185532336,5.75888723,-0.762293475,1.790871946,-5.200718267,-0.609295895,8.240360609
12.06363027,2.629758101,6.629186301,5.905740364,13.24239037,5.659494931,1.752078104,-0.202057802,2.574124057,3.950231466
10.258416,2.239538055,6.823800515,8.455777258,8.570031278,-1.887639067,-5.004032334,6.461958963,-2.694749993,2.755901963
12.71042712,7.19150991,5.60808397,8.93383278,6.426545698,-0.442406579,-0.162152334,10.76849847,-1.921363972,11.14018472
11.17889452,10.89597296,4.462666651,17.0034674,8.122284673,3.821055072,2.517759141,6.401418689,-1.825492464,0.168648588
8.151441718,7.081351411,8.762161026,12.04098298,13.60497464,3.399098422,-0.85541924,4.754671,-5.301275211,2.432702207
10.65581492,9.03165244,9.344768289,6.114574038,3.380746011,4.57711191,-2.964874705,6.144905992,0.226874732,7.363669544
9.533517668,4.405558253,5.475622067,5.003182894,10.11533691,4.848174198,0.911910027,-0.951887447,0.773908151,8.541417267
3.469168811,6.636737894,11.97445189,7.269780672,11.55485047,1.190521329,2.402100803,7.999644011,-2.479833108,1.162112398
10.6969987,5.181878199,6.568095244,10.95568553,11.15544489,9.711943155,4.139154272,5.732105869,-2.612673921,7.868296721
10.69519383,3.509478792,1.774558396,15.90328807,4.141980811,1.137105065,8.097283934,2.191528024,-3.655782822,7.028865697
10.97603786,8.386247803,8.343974567,7.962830348,14.70874262,5.325028977,4.384987555,5.074821804,-0.087730687,9.657525221
9.965104873,5.091141843,10.63347449,9.228864009,8.012791269,1.824003192,1.85874229,4.856426713,3.570534622,7.43571147
9.214870841,-4.241125894,1.596880728,4.14557202,8.596981882,2.082709001,1.36390029,4.039635811,-9.974100435,4.612354601
0.879648558,11.63437834,13.82033628,13.7074524,7.361797779,-2.284408409,2.791253779,7.953343888,-6.818054812,2.313546808
14.62437904,5.273656643,7.400432343,11.92724874,8.875854422,3.495875618,2.639001367,5.248381466,3.769824085,9.370134774
6.59841814,7.01771943,5.378796432,12.65057608,4.333743994,0.776266219,-0.823039443,4.697414114,-2.323046054,6.695826494
7.260472758,4.401580318,8.785542426,12.0807231,7.629616579,-2.67766557,-5.60551393,8.467214565,-0.288481162,1.37939796
12.30412818,6.594833724,6.55430725,3.111824167,6.154935525,2.845858281,0.103961253,-2.982282758,3.49189903,6.324587869
7.760041133,5.038559176,10.94471082,13.40665758,8.161284074,-5.115922944,-4.748183438,5.199243106,4.932789577,2.137574772
6.355723438,5.598600171,12.09105443,9.477431425,10.05509615,3.525814072,-0.143647087,0.020135396,0.193743939,0.430038895
11.6801645,4.691049042,9.517076803,7.836716866,9.103287424,5.494510482,-1.065457632,5.269852166,2.242747024,3.534916294
8.774483891,2.424651929,7.859609491,8.135369545,11.59144311,0.096782023,-0.461068899,9.152648578,0.528349832,4.862608737
5.957955993,4.320543862,2.438846286,13.19581806,8.674115027,2.953960694,5.303651003,-0.762106938,1.520642794,8.293614246
14.94756381,7.166929068,6.012011045,16.33990391,0.510447957,3.022046925,4.394649631,5.445628105,-0.689797782,4.239844173
8.603341934,5.292451879,8.07094965,13.10501843,7.308065439,-0.063837626,6.534291698,2.428855092,-4.610297615,5.017903458
7.086380317,10.88734644,1.874124921,15.90577955,12.33217532,2.281424814,-0.656875526,7.257770134,2.425485672,6.249008269
5.203182925,15.53071066,4.97373981,8.309334657,12.29901671,-1.591720901,-5.535390097,5.070887003,2.289939552,0.954331005
8.540863145,3.513614814,8.387696597,4.677135982,14.864808,4.392498953,4.518851183,0.811249741,-1.317697049,3.79268637
14.64015395,3.459037943,4.344346784,8.629451711,6.272102981,4.996703553,1.916297317,6.517543361,-1.792612234,3.605880134
11.63752841,2.732589184,5.606907804,6.223244775,12.74814907,1.968185286,0.806796868,6.806110162,-4.745426064,2.195953272
6.263558828,2.70057437,8.708953306,5.925168209,9.021955218,0.200845676,-4.254627374,0.735647514,-2.225422761,0.045128473
8.943289916,5.571615914,8.631169997,8.556234835,11.05991468,8.52478337,1.018318913,2.961107608,-1.694667582,1.392176193
12.39358428,7.197510231,8.665133632,5.073828565,9.951151252,-3.180936755,-2.826297371,8.465668423,-1.230833871,3.454385895
14.65619152,6.711048676,16.09456789,7.085872469,10.94269355,7.530129257,0.484580576,4.010801928,5.874322788,3.557869294
9.177834016,1.802388198,9.986651377,9.27214632,9.446380843,4.954225289,-1.96050064,7.228830522,1.126597727,9.493342259
6.944439283,10.65227649,6.019590332,10.30968555,7.489371123,5.571974955,-1.173446669,9.44867516,-0.955263015,2.746405816
10.53518011,9.042535579,8.432357659,7.406622975,1.466087204,6.121831106,5.5681499,8.129223921,1.184600387,5.264439708
5.92653989,2.649743632,11.40194038,8.677498662,4.786131663,-6.07072501,5.774372735,8.863535264,0.69717124,3.347579334
12.45931476,5.35694027,13.91941475,9.819687155,4.422336013,3.943185092,-1.171695906,3.27800533,3.945376891,10.04130412
6.53403799,4.264756905,10.00683663,8.466853891,7.214656921,2.117674304,-1.591262177,7.127017633,2.669176743,9.327121505
7.581198269,5.662656039,5.508800139,12.05070093,0.818409768,1.689721303,2.171924998,9.382763409,3.15791197,2.934910815
3.136226882,3.601831261,9.799850047,6.511429251,9.607021588,-0.417242856,2.329647178,7.992707238,0.274929318,6.931851806
6.508917005,3.536989351,9.604293842,11.10813831,11.82854208,-2.984134754,-5.014743917,9.647681472,1.143007397,2.507959318
10.43599726,6.57753798,9.817278767,14.83273392,4.44382415,-0.872095351,-2.178992504,-1.024417614,3.591980954,7.405243706
13.48783901,5.202940659,8.085602328,15.43826601,8.744363083,3.538736097,-2.820751977,7.148405395,0.784284458,11.96928802
13.19821635,6.138840046,7.595659487,8.266590334,7.313113663,2.365832494,1.836795152,5.223756499,-4.859349755,3.497773122
4.364384531,4.577898348,8.051573616,11.22765535,7.1045118,3.689708948,4.30182173,5.536977497,0.592122189,2.323574767
8.441208345,5.442050364,6.10959672,6.561510331,11.10377849,4.469700213,-0.886723355,8.0521367,-3.035091321,0.811785019
9.570783631,6.636308035,9.992670942,11.41186813,8.353311268,-1.242119592,2.1947355,4.663164758,0.015995879,8.470173328
9.551317051,3.88742224,7.826253611,4.263142448,6.749080284,1.834657313,-2.470585198,5.99275739,-1.920378201,6.070388115
10.30337022,10.3818744,12.53441493,4.403858338,5.784565446,4.009672634,-1.060397844,1.837827025,-2.110983211,7.385198905
10.18361081,7.90557881,10.56190803,6.930964598,9.411471264,-0.251911514,4.308036521,5.337824354,3.882192487,4.369370597
7.909267471,-2.847634612,8.299644281,3.369058199,9.068339492,6.352362397,0.620452578,5.981657382,-1.825670693,1.421097038
8.821119901,3.822694323,12.14921998,11.36361528,9.367105553,5.14486338,2.430900069,5.055354262,0.305070584,3.221113753
7.349373713,7.882305101,10.7989158,10.07685254,10.19141978,1.143990048,3.205301159,3.382241505,0.548052606,2.997935197
7.37567898,8.807227511,9.175489268,13.1303014,11.42315582,2.657970948,-2.726694904,7.749529911,-4.114365314,2.094753954
12.625777,1.601455411,5.165997216,10.77596239,11.83029035,4.037824518,3.229567407,9.703677389,3.984798896,5.263469185
5.676056474,11.34856397,12.33887866,12.06907896,7.48334156,0.329761316,-2.005752429,6.130937757,-0.047965921,4.059854852
8.427719321,5.774052979,7.616437533,6.552905398,8.958082688,-3.98767324,2.860312407,0.427480262,2.365972095,7.850339644
5.761035999,1.006647661,6.541808774,12.32844684,9.848930695,3.153053349,3.076115334,4.610097162,0.819850206,3.077717616
11.69116949,4.723052083,8.233232855,9.779252609,9.050217327,2.427775335,4.724726415,4.510633393,3.869055652,7.657937583
6.064635534,3.723091572,11.16837979,7.452694435,9.829558791,-1.718758009,1.292913293,-3.849175292,-2.662410638,0.787054029
4.085870915,10.64656294,8.388912866,13.57938685,5.777403959,6.342341563,3.069523815,4.223186847,-5.077103884,11.10380013
5.410523435,-1.19026438,3.941932691,11.81909,10.05294086,3.193332913,-1.330280405,6.020074729,-1.990660514,4.750306974
11.36973681,3.497050297,7.17699218,9.188011565,7.173138789,1.830474688,-4.522219862,6.270807148,-2.18202512,4.231943305
16.52963207,7.54178024,5.978909794,11.08588183,8.541091772,4.156671638,-0.839232642,-1.803720167,-3.545262294,3.220753404
7.72639246,8.215067798,7.234280721,8.639259449,15.01060765,2.627386845,2.742109775,3.852935689,4.023182237,3.46851684
12.27713541,0.955734769,4.041562715,6.945799946,8.068529348,-0.199513497,-1.603878985,6.462489178,2.639235203,2.721392246
14.83453688,10.55982872,9.699854296,10.93440904,10.4294193,-2.74709007,0.929956584,2.662605261,3.229092468,3.926681288
13.54537037,1.704656928,7.005851859,8.916328474,0.818239427,0.383755435,3.288946554,6.610073533,-6.081475611,8.330429995
14.83715671,3.438143829,5.452752332,8.652606082,11.53383809,3.297612959,5.552942692,1.483990663,-5.382511046,6.356155357
7.6514796,4.763006026,6.091810026,10.90746044,13.70761042,-1.031241073,-0.032822641,7.268100795,5.143084743,4.945447327
12.97462483,8.80177175,12.40790711,8.533011948,5.735059981,-0.718430839,-2.345679893,8.968564959,0.557626613,1.715540958
8.805459209,7.662385999,4.349906407,8.816845908,7.928598292,6.156247089,-1.824340421,7.036650176,1.784900191,-0.609176753
4.778546332,5.727904829,9.355772133,15.12346189,6.531962051,4.160207881,6.498089773,4.613692097,-0.733551194,10.89999571
8.442672243,8.677342682,8.685336748,2.463569631,2.42308761,4.138929688,-5.984833967,3.835405805,-5.918059547,3.491608249
10.74945734,4.299221415,4.299630891,7.300977955,4.166063108,-5.18362659,0.10856253,1.77116717,-0.652351056,3.33938246
15.55447986,11.24319451,8.772848062,6.13540622,9.190818621,0.81725934,-0.519900534,3.194683168,-0.473792129,1.23442311
12.51246577,6.40138737,5.337873022,16.66141469,9.068197642,6.055655756,0.706310183,6.928446938,9.281730683,7.52612411
10.41766931,0.173918082,10.49770926,8.778857049,10.90109863,3.293980176,-5.309564561,4.267301824,-3.884498514,1.372844787
12.79269164,3.263463105,9.868551121,15.22327644,8.018658128,-4.149996992,-4.434800067,4.524203406,-1.068353892,7.1962678
7.92859767,2.754581085,7.478381761,10.22653918,7.525792611,4.693839381,5.356157607,7.604193731,-3.040019377,-2.723257117
5.344653459,2.165084781,4.560715072,9.719032936,13.17775782,2.058734915,-5.483810502,5.605282526,6.119331265,5.834883697
7.367873268,7.936622131,6.419061041,5.982747728,6.341448422,5.181212725,5.030863439,5.574043967,2.303089888,5.556168346
5.750989842,1.939198392,6.122178089,5.998530033,5.673898881,-4.027524675,-1.70389735,6.762025626,-4.587809785,5.323374934
12.78737107,6.123919309,9.351911607,9.740935505,10.68442047,5.317251859,0.013033182,4.973802166,1.425846827,4.07250946
9.159445192,5.552902736,11.97868466,7.764977062,10.80257642,1.061996426,-0.844191092,0.301407233,-4.093995723,-3.317575329
5.736139254,3.312654925,10.1541695,16.36882145,8.775528722,3.527894987,-2.378983208,4.217757142,-0.798832162,1.607310635
8.925868724,6.269857257,6.659261652,6.082782786,8.705227803,-4.38260733,1.916788032,10.12587277,9.658580958,13.65845159
6.854067365,3.594843156,1.884816265,14.20387731,6.152704274,3.163742141,-0.92668441,3.489122757,0.974954968,7.451040147
8.578616997,11.75643916,5.979304606,11.4569458,12.9331429,-5.251595821,1.40487776,0.658130177,-3.079847835,1.944066341
14.22165565,1.41924478,9.230441616,8.701635809,9.494945297,3.284867113,3.53448182,5.32070034,0.884337279,6.484820289
14.43976105,7.048758457,5.040885295,6.681332632,11.20671567,2.242855442,1.52391115,3.084617438,-1.983705084,6.172860938
7.18373114,4.254170864,7.86246862,7.223501013,12.14569326,2.266252803,0.105249029,7.012802661,-3.324045164,-3.295930153
8.383604336,5.234516527,12.63777912,7.540312564,11.27341866,5.17342122,4.742546846,8.897036455,-2.648273507,4.290676935
10.97530974,0.554535704,13.03809209,5.227395536,2.234166657,0.733086041,-3.970894602,3.646618136,-0.164257604,-2.472734639
9.969145618,8.643098607,8.785807572,14.9828254,12.64159686,1.217351776,-2.317348136,7.781486448,3.153364475,9.02454604
7.939837709,6.558642686,13.61471716,7.135341149,7.416768956,2.980611849,-0.266860881,3.536367571,-0.160071997,7.820035295
12.91703559,9.59877299,10.22985409,6.136113213,9.546351863,6.947687212,-5.085141063,2.900083629,-3.872174517,9.506964602
4.992387951,7.688607317,10.16250573,9.802559082,9.455483934,0.677222226,2.095850741,-0.000766471,-2.349250532,11.08555019
17.86471935,3.86850395,10.18060553,10.13244149,3.778795129,0.089075696,-1.519968697,2.934100618,5.802549825,4.958273013
8.436904892,2.033241963,6.284087027,5.086898854,13.16693147,-2.643125077,-1.333436552,8.291955181,-2.452788975,2.574728474
10.90134333,4.410559213,8.700803173,8.268723442,9.80557563,7.278731361,-1.164383874,5.491285001,-1.318000002,5.816280531
7.306595593,7.486415844,9.67119233,10.62440677,11.20538673,4.585092874,6.989981929,3.146097461,4.503370759,6.131930697
6.28589886,2.292375876,11.48323564,13.78170423,8.422902599,3.478436469,-1.48794048,2.56040415,-4.197874754,3.930061755
13.27934161,5.374840898,0.132782596,8.80643713,10.0589186,6.350567292,0.475590409,2.911446017,2.331893496,4.100049002
9.723860571,-0.951141282,5.07259175,12.57141902,8.245004081,2.450674691,-1.416156399,6.888167504,-1.588576398,1.067411743
10.3482434,2.883190816,12.35987782,4.424260056,7.996305665,0.06540317,0.486097321,4.321660043,-2.566428216,4.549970633
10.00685451,7.479710083,10.23677805,8.594323228,12.45277263,1.29874703,0.645780057,5.2196642,3.435626371,0.79648979
11.85874281,8.660791843,9.018723364,10.6148242,8.975028379,4.522617426,3.102769518,5.573363046,0.987825728,6.134910259
15.24470485,10.65343276,10.25256667,2.328114472,5.807040217,8.68247663,-3.081139193,4.330300111,1.269338273,6.995275541
11.75842141,7.400466982,12.00312715,10.72807793,11.12197191,4.895574663,-0.2083131,-0.3680261,1.555800195,7.199835473
11.83032985,7.218585367,5.277186615,7.938272665,6.318795096,1.120988138,-5.667858671,8.302378266,0.638439362,7.350269095
13.62017442,3.071203697,9.460297048,6.221247659,6.896116408,2.151811627,1.044964717,-0.651622708,-2.909366606,5.95291675
12.51561612,-0.152409209,2.014201574,13.54397863,6.574118868,2.958179954,3.238853939,-3.988681818,-3.910864836,6.747122048
5.865781965,8.915465559,8.444370683,10.80051067,12.47357826,1.342465851,1.744741423,3.259495709,2.027865867,4.956993325
8.741278323,7.618870183,8.421755281,7.413344287,9.321722065,-2.753993009,-2.721507454,6.351263496,-1.783028404,3.183377518
4.323767653,7.098427676,11.83970761,8.486834226,5.404728806,-0.320015923,1.553541198,4.409892639,5.327730444,9.259052719
11.48663646,8.128112673,5.96644501,5.281123009,7.74786488,-0.194944349,-1.682319297,3.279853098,-1.064773868,-1.599922714
15.7738294,4.892237927,10.08321338,6.575846817,10.97553739,-0.886172039,-0.173155733,3.863048808,1.368021672,1.194557852
14.72739398,9.777703649,11.55233646,14.69113621,9.077482009,1.119404383,2.49364482,6.407965281,6.932758701,3.155770679
12.58821126,9.152227072,6.160843869,16.68377898,7.668412556,2.470320445,-4.392145952,5.791959036,0.442168326,6.793334898
6.554522897,4.889928908,8.859367929,12.17437811,1.987908451,-1.309227929,-3.020693044,6.578662709,0.95818969,-0.108854762
7.206004292,3.887452772,8.016774543,7.243831281,4.773288678,0.807918425,-1.617111195,1.638141523,-1.026567232,3.890113193
10.18228021,5.830088726,7.561480955,10.98904519,8.8287453,4.914811487,1.434789899,1.717572572,5.159218929,6.591305989
9.170857671,8.056123128,6.587855672,8.140346013,3.060752774,3.415496084,-0.597867105,7.085533353,0.801986949,3.580628679
12.41585317,9.744737747,6.319678754,7.80524596,7.482579186,3.594580805,-0.036175751,3.613933585,3.993409079,7.106052448
13.86498166,9.311683291,4.779045637,13.39914011,7.455047546,1.703795069,-0.928916779,2.345302321,-0.717873091,6.74288146
8.783671207,-0.072749451,6.297765843,16.09186497,6.36490957,3.364972287,6.206796654,1.184960244,-5.111755495,12.08879539
9.36583498,6.880607615,5.179754675,10.78172909,5.736837594,-0.402434275,1.06251354,1.050440193,-0.124465562,-0.209880105
13.15356064,-3.569517794,7.681627097,12.78575702,11.20445042,1.690370206,-2.716801937,2.817646605,3.725580844,2.722259652
11.1868487,0.981950028,12.87839533,7.400693962,3.524593477,-5.135384283,0.914144474,5.906941822,2.076817282,7.454111883
4.145336428,3.000584195,6.72465699,8.628211209,10.65939474,2.787223479,-6.767180063,0.211713079,-1.138893383,3.434344977
6.964715221,5.964366082,11.01527115,8.633530295,7.976171177,-4.205991165,2.722504757,9.275733145,0.021465684,3.946579409
7.157192001,5.651815532,9.483551119,14.09308358,8.096832623,-0.245230815,-6.601613286,8.802514809,-2.849004655,2.235864851
5.295105095,5.350336006,12.09493397,8.1861383,10.88842318,6.429380597,2.460306321,8.883896349,2.50440399,9.120566383
9.009703307,9.212426999,8.186280592,10.04356158,10.59209403,7.613932837,-4.497662086,4.911675606,-2.235085651,7.388935472
10.02529694,6.353266075,7.812613065,11.86285288,18.85914796,7.564012484,0.523253009,3.563931009,1.736774956,8.253322603
14.12282038,8.983849477,7.987591572,8.738851631,4.722405665,-1.233576577,-4.019541437,7.531952034,-3.502354877,5.096564134
11.89096633,5.837365974,4.356350932,6.880206361,11.11220914,-0.396375497,0.837479322,4.291160138,0.264328535,-1.211144022
13.37309923,3.2605848,14.57612165,9.145273984,12.7623686,2.360098455,-1.42154939,5.498047415,5.428504205,12.09409109
7.152443963,2.0794767,3.269555665,7.226027985,10.31966091,1.740137087,-1.520441411,7.307207732,0.025311447,1.743937859
10.64364852,9.811272441,7.929264199,8.270413848,9.716254352,2.000434915,5.971844248,-0.663245234,1.670478087,6.764911729
14.90789173,4.917319642,7.159342211,12.87080958,11.01223892,4.868088873,-2.321803641,8.296910748,-0.381646948,10.22195848
7.496150317,7.383529147,8.274061962,9.462457767,0.016509448,1.772002879,2.629549882,2.992176642,-4.171291554,4.75821207
11.78401739,6.052226087,3.685996122,12.62793063,11.24260766,5.372168728,-1.694952978,-1.011751041,4.403882852,4.365186754
13.73243561,4.515544274,10.69422984,5.467067981,10.19014716,3.625734762,-0.803383693,3.608148183,4.868936367,7.230889128
6.223747222,7.24380896,7.831615556,9.454161322,11.75062681,2.996886352,4.457509855,1.884703644,1.342065159,3.842557916
11.1825307,3.375620436,7.325279327,5.710470086,7.550251689,0.455850163,1.472913986,1.447479177,0.962774711,1.996040614
6.655625326,8.721251817,12.54918399,9.812296445,9.402929958,3.875776022,1.989335416,1.879497942,1.406640612,-2.066034218
8.057967602,9.926974852,10.32041876,6.108021171,8.811457676,5.140824047,4.17479661,7.006276254,-4.142352881,4.453053745
7.436777788,11.61024437,13.66331505,11.06874733,4.821632315,6.781590694,-1.084457896,2.680063747,0.924755112,5.639971438
7.969304039,8.015469863,12.24660845,12.59977636,14.43253993,4.504401558,0.440217688,3.141480717,2.985606803,10.25769506
8.596173785,8.869341651,6.441175759,8.533256893,2.317968487,-3.163532648,0.945526385,4.711514718,-4.100591439,6.368435663
6.88235076,8.31505722,7.244870059,10.38731796,8.978630412,7.938304234,1.421649936,0.519425211,3.807285961,8.361040719
7.559347755,2.664192939,11.76240187,12.43741025,6.538272559,0.367201248,3.110833099,7.519828508,-2.683769998,4.070906504
11.22457473,5.678987738,6.841024398,12.0448955,11.23960833,4.48608127,-4.900221387,-4.179375024,-0.181123289,8.795005273
15.02003162,7.5661942,8.208894022,10.27440465,9.41879963,-6.571503871,-2.814925306,2.77856891,-2.618078313,7.231582925
4.594629384,2.084832014,6.223338904,4.049261186,1.255464681,9.105142541,-4.180282982,2.05010858,-1.834591699,2.72306681
8.715868194,5.207414149,9.321807713,8.305762242,13.20004665,-1.389829881,-4.752441981,6.213300316,3.109299695,4.958490938
10.70766197,1.534447137,11.33247169,3.156196918,6.295414156,-0.181553435,1.643711158,5.514662112,-3.312922246,-0.393671999
11.17090074,5.21106661,6.210711091,8.640596598,4.130124962,0.766835315,-1.418853987,6.080831653,1.228091693,1.653475676
12.69095705,6.841285898,6.705042178,12.89569322,6.56515635,3.126977541,-2.79748069,2.842942085,-0.376429716,5.756383533
10.02508481,7.04600198,11.17045098,11.46446594,11.11186899,-0.849652128,-0.184069779,10.5083737,1.141750584,2.610521088
3.944878244,7.831946687,13.27566995,17.67935981,8.19155428,5.544254194,-4.655310183,3.239790455,-0.822336854,4.300597911
11.76615912,9.17589643,11.35753309,9.436302847,0.481541931,-4.239004894,-4.059131072,4.118762591,3.884121888,8.334909699
12.51396989,5.428303576,3.879362739,12.25463934,13.32180002,2.092936682,1.617804819,2.345131629,5.242749515,2.752733425
7.81579167,8.910579524,7.913743004,10.26477783,7.881604168,2.449305844,-5.163578376,8.307821272,0.377952948,4.392466661
8.568213822,9.182737244,9.175217618,6.871195253,12.13863595,1.385160861,5.180043459,1.832332679,-5.914134278,1.317530104
7.707454725,5.366128336,8.188328757,9.849977367,12.20450247,-3.59893129,-4.188331859,-0.729128515,0.07646782,6.449675651
9.065757733,6.283349419,6.402539465,7.967802331,10.15555144,3.077426413,0.135641415,3.423933685,4.464852934,6.581553477
6.56351115,8.68209956,2.50893022,6.823300791,8.732794303,-1.363340871,-2.540059031,10.46260013,0.351563134,-0.355033481
13.45508965,5.949866659,12.0993683,8.012317973,13.77589187,4.835108201,0.351998701,3.972911547,-0.706534249,2.418665963
5.662303079,3.457169331,11.11345205,8.927434542,4.184831626,1.132167084,1.215832573,2.005482525,-0.588815248,2.523910218
8.361528033,4.287435371,10.22621376,18.40241638,7.011887094,4.810778145,4.727696831,5.274162377,-9.064953042,-3.579367662
13.89179674,4.144935178,7.033983427,8.191909799,4.721149566,4.271096826,4.207995111,5.503117619,-0.639704482,0.721062665
10.84950119,2.593529585,3.843450363,7.473274311,6.867476057,2.503895541,-1.359273222,3.094464434,-1.834924166,1.569298563
8.424355589,9.801806732,10.04606526,7.594805459,4.377887088,2.900973959,-0.336831273,6.158844255,-1.121775745,6.535391083
